admin,Wed Nov 08 12:35:19 2023

admin,Wed Nov 08 12:36:50 2023

admin,Wed Nov 08 12:37:29 2023

admin,Wed Nov 08 12:39:45 2023

p p,Wed Nov 08 12:44:14 2023

admin,Wed Nov 08 12:44:32 2023

admin,Wed Nov 08 12:51:29 2023

p p,Wed Nov 08 13:40:29 2023

p p,Wed Nov 08 13:46:00 2023

p p,Wed Nov 08 13:47:52 2023

admin,Wed Nov 08 13:48:26 2023

p p,Wed Nov 08 13:53:53 2023

p p,Wed Nov 08 22:21:45 2023

p p,Wed Nov 08 22:23:05 2023

p p,Wed Nov 08 22:25:40 2023

p p,Wed Nov 08 22:27:49 2023

p p,Wed Nov 08 22:34:05 2023

p p,Wed Nov 08 22:41:23 2023

p p,Wed Nov 08 22:47:53 2023

p p,Wed Nov 08 22:49:49 2023

p p,Wed Nov 08 23:38:26 2023

p p,Thu Nov 09 13:54:57 2023

admin,Thu Nov 09 13:55:32 2023

p p,Thu Nov 09 14:05:14 2023

admin,Thu Nov 09 14:05:58 2023

p p,Thu Nov 09 14:08:06 2023

p p,Thu Nov 09 14:12:30 2023

p p,Thu Nov 09 14:16:40 2023

p p,Thu Nov 09 14:28:29 2023

p p,Thu Nov 09 20:17:15 2023

p p,Thu Nov 09 20:21:41 2023

p p,Thu Nov 09 21:40:22 2023

p p,Thu Nov 09 21:46:52 2023

p p,Fri Nov 10 10:10:16 2023

p p,Fri Nov 10 10:15:56 2023

p p,Fri Nov 10 10:17:12 2023

p p,Fri Nov 10 10:21:02 2023

p p,Fri Nov 10 10:22:33 2023

p p,Fri Nov 10 10:24:07 2023

p p,Fri Nov 10 10:30:51 2023

p p,Fri Nov 10 10:32:36 2023

p p,Fri Nov 10 10:38:00 2023

p p,Fri Nov 10 10:41:42 2023

p p,Fri Nov 10 10:46:45 2023

p p,Fri Nov 10 10:48:41 2023

p p,Fri Nov 10 11:02:29 2023

p p,Fri Nov 10 11:03:04 2023

p p,Fri Nov 10 11:05:32 2023

azam,Fri Nov 10 11:23:04 2023

azam,Fri Nov 10 11:23:41 2023

p p,Fri Nov 10 13:23:35 2023

p p,Fri Nov 10 13:25:57 2023

p p,Fri Nov 10 13:56:33 2023

p p,Fri Nov 10 14:02:06 2023

p p,Fri Nov 10 14:17:09 2023

p p,Fri Nov 10 14:32:53 2023

p p,Fri Nov 10 14:33:23 2023

azam,Fri Nov 10 14:33:40 2023

admin,Fri Nov 10 14:53:40 2023

ikii,Fri Nov 10 14:54:00 2023

ikii,Fri Nov 10 14:55:16 2023

p p,Fri Nov 10 14:58:55 2023

p p,Fri Nov 10 14:59:40 2023

p p,Fri Nov 10 15:01:52 2023

azam,Fri Nov 10 15:05:04 2023

admin,Fri Nov 10 15:31:42 2023

admin,Fri Nov 10 15:39:30 2023

admin,Fri Nov 10 19:48:58 2023

azam,Fri Nov 10 19:49:22 2023

admin,Fri Nov 10 19:50:37 2023

admin,Fri Nov 10 19:54:29 2023

admin,Fri Nov 10 19:57:31 2023

admin,Fri Nov 10 19:58:53 2023

admin,Fri Nov 10 19:59:50 2023

admin,Fri Nov 10 20:00:39 2023

admin,Fri Nov 10 20:07:56 2023

admin,Fri Nov 10 20:13:42 2023

admin,Fri Nov 10 20:20:43 2023

admin,Fri Nov 10 20:21:58 2023

